[
    {
        "nat_cd": "112",
        "nat_name": "중국",
        "visit_cnt": 394345,
        "yyyymm": "201501"
    },
    {
        "nat_cd": "112",
        "nat_name": "중국",
        "visit_cnt": 516787,
        "yyyymm": "201502"
    },
    {
        "nat_cd": "112",
        "nat_name": "중국",
        "visit_cnt": 515130,
        "yyyymm": "201503"
    },
    {
        "nat_cd": "112",
        "nat_name": "중국",
        "visit_cnt": 641610,
        "yyyymm": "201504"
    },
    {
        "nat_cd": "112",
        "nat_name": "중국",
        "visit_cnt": 618083,
        "yyyymm": "201505"
    },
    {
        "nat_cd": "112",
        "nat_name": "중국",
        "visit_cnt": 315095,
        "yyyymm": "201506"
    },
    {
        "nat_cd": "112",
        "nat_name": "중국",
        "visit_cnt": 255632,
        "yyyymm": "201507"
    },
    {
        "nat_cd": "112",
        "nat_name": "중국",
        "visit_cnt": 513275,
        "yyyymm": "201508"
    },
    {
        "nat_cd": "112",
        "nat_name": "중국",
        "visit_cnt": 591242,
        "yyyymm": "201509"
    },
    {
        "nat_cd": "112",
        "nat_name": "중국",
        "visit_cnt": 650174,
        "yyyymm": "201510"
    },
    {
        "nat_cd": "112",
        "nat_name": "중국",
        "visit_cnt": 507579,
        "yyyymm": "201511"
    },
    {
        "nat_cd": "112",
        "nat_name": "중국",
        "visit_cnt": 465218,
        "yyyymm": "201512"
    },
    {
        "nat_cd": "112",
        "nat_name": "중국",
        "visit_cnt": 521981,
        "yyyymm": "201601"
    },
    {
        "nat_cd": "112",
        "nat_name": "중국",
        "visit_cnt": 546408,
        "yyyymm": "201602"
    },
    {
        "nat_cd": "112",
        "nat_name": "중국",
        "visit_cnt": 601671,
        "yyyymm": "201603"
    },
    {
        "nat_cd": "112",
        "nat_name": "중국",
        "visit_cnt": 682318,
        "yyyymm": "201604"
    },
    {
        "nat_cd": "112",
        "nat_name": "중국",
        "visit_cnt": 705844,
        "yyyymm": "201605"
    },
    {
        "nat_cd": "112",
        "nat_name": "중국",
        "visit_cnt": 758534,
        "yyyymm": "201606"
    },
    {
        "nat_cd": "112",
        "nat_name": "중국",
        "visit_cnt": 917519,
        "yyyymm": "201607"
    },
    {
        "nat_cd": "112",
        "nat_name": "중국",
        "visit_cnt": 873771,
        "yyyymm": "201608"
    },
    {
        "nat_cd": "112",
        "nat_name": "중국",
        "visit_cnt": 726266,
        "yyyymm": "201609"
    },
    {
        "nat_cd": "112",
        "nat_name": "중국",
        "visit_cnt": 680918,
        "yyyymm": "201610"
    },
    {
        "nat_cd": "112",
        "nat_name": "중국",
        "visit_cnt": 516956,
        "yyyymm": "201611"
    },
    {
        "nat_cd": "112",
        "nat_name": "중국",
        "visit_cnt": 535536,
        "yyyymm": "201612"
    },
    {
        "nat_cd": "112",
        "nat_name": "중국",
        "visit_cnt": 565243,
        "yyyymm": "201701"
    },
    {
        "nat_cd": "112",
        "nat_name": "중국",
        "visit_cnt": 590790,
        "yyyymm": "201702"
    },
    {
        "nat_cd": "112",
        "nat_name": "중국",
        "visit_cnt": 360782,
        "yyyymm": "201703"
    },
    {
        "nat_cd": "112",
        "nat_name": "중국",
        "visit_cnt": 227811,
        "yyyymm": "201704"
    },
    {
        "nat_cd": "112",
        "nat_name": "중국",
        "visit_cnt": 253359,
        "yyyymm": "201705"
    },
    {
        "nat_cd": "112",
        "nat_name": "중국",
        "visit_cnt": 254930,
        "yyyymm": "201706"
    },
    {
        "nat_cd": "112",
        "nat_name": "중국",
        "visit_cnt": 281263,
        "yyyymm": "201707"
    },
    {
        "nat_cd": "112",
        "nat_name": "중국",
        "visit_cnt": 339388,
        "yyyymm": "201708"
    },
    {
        "nat_cd": "112",
        "nat_name": "중국",
        "visit_cnt": 318682,
        "yyyymm": "201709"
    },
    {
        "nat_cd": "112",
        "nat_name": "중국",
        "visit_cnt": 345384,
        "yyyymm": "201710"
    },
    {
        "nat_cd": "112",
        "nat_name": "중국",
        "visit_cnt": 299247,
        "yyyymm": "201711"
    },
    {
        "nat_cd": "112",
        "nat_name": "중국",
        "visit_cnt": 332474,
        "yyyymm": "201712"
    },
    {
        "nat_cd": "112",
        "nat_name": "중국",
        "visit_cnt": 305127,
        "yyyymm": "201801"
    },
    {
        "nat_cd": "112",
        "nat_name": "중국",
        "visit_cnt": 345341,
        "yyyymm": "201802"
    },
    {
        "nat_cd": "112",
        "nat_name": "중국",
        "visit_cnt": 403413,
        "yyyymm": "201803"
    },
    {
        "nat_cd": "112",
        "nat_name": "중국",
        "visit_cnt": 366604,
        "yyyymm": "201804"
    },
    {
        "nat_cd": "112",
        "nat_name": "중국",
        "visit_cnt": 370222,
        "yyyymm": "201805"
    },
    {
        "nat_cd": "112",
        "nat_name": "중국",
        "visit_cnt": 379891,
        "yyyymm": "201806"
    },
    {
        "nat_cd": "112",
        "nat_name": "중국",
        "visit_cnt": 410337,
        "yyyymm": "201807"
    },
    {
        "nat_cd": "112",
        "nat_name": "중국",
        "visit_cnt": 478140,
        "yyyymm": "201808"
    },
    {
        "nat_cd": "112",
        "nat_name": "중국",
        "visit_cnt": 434595,
        "yyyymm": "201809"
    },
    {
        "nat_cd": "112",
        "nat_name": "중국",
        "visit_cnt": 475307,
        "yyyymm": "201810"
    },
    {
        "nat_cd": "112",
        "nat_name": "중국",
        "visit_cnt": 404256,
        "yyyymm": "201811"
    },
    {
        "nat_cd": "112",
        "nat_name": "중국",
        "visit_cnt": 416279,
        "yyyymm": "201812"
    },
    {
        "nat_cd": "112",
        "nat_name": "중국",
        "visit_cnt": 392814,
        "yyyymm": "201901"
    },
    {
        "nat_cd": "112",
        "nat_name": "중국",
        "visit_cnt": 453379,
        "yyyymm": "201902"
    },
    {
        "nat_cd": "112",
        "nat_name": "중국",
        "visit_cnt": 487623,
        "yyyymm": "201903"
    },
    {
        "nat_cd": "112",
        "nat_name": "중국",
        "visit_cnt": 493250,
        "yyyymm": "201904"
    },
    {
        "nat_cd": "112",
        "nat_name": "중국",
        "visit_cnt": 500413,
        "yyyymm": "201905"
    },
    {
        "nat_cd": "112",
        "nat_name": "중국",
        "visit_cnt": 475007,
        "yyyymm": "201906"
    },
    {
        "nat_cd": "112",
        "nat_name": "중국",
        "visit_cnt": 519132,
        "yyyymm": "201907"
    },
    {
        "nat_cd": "112",
        "nat_name": "중국",
        "visit_cnt": 578112,
        "yyyymm": "201908"
    },
    {
        "nat_cd": "112",
        "nat_name": "중국",
        "visit_cnt": 541350,
        "yyyymm": "201909"
    },
    {
        "nat_cd": "112",
        "nat_name": "중국",
        "visit_cnt": 567695,
        "yyyymm": "201910"
    },
    {
        "nat_cd": "112",
        "nat_name": "중국",
        "visit_cnt": 505369,
        "yyyymm": "201911"
    },
    {
        "nat_cd": "112",
        "nat_name": "중국",
        "visit_cnt": 508877,
        "yyyymm": "201912"
    }
]