[
    {
        "nat_cd": "130",
        "nat_name": "일본",
        "visit_cnt": 139632,
        "yyyymm": "201501"
    },
    {
        "nat_cd": "130",
        "nat_name": "일본",
        "visit_cnt": 142587,
        "yyyymm": "201502"
    },
    {
        "nat_cd": "130",
        "nat_name": "일본",
        "visit_cnt": 218932,
        "yyyymm": "201503"
    },
    {
        "nat_cd": "130",
        "nat_name": "일본",
        "visit_cnt": 154402,
        "yyyymm": "201504"
    },
    {
        "nat_cd": "130",
        "nat_name": "일본",
        "visit_cnt": 188420,
        "yyyymm": "201505"
    },
    {
        "nat_cd": "130",
        "nat_name": "일본",
        "visit_cnt": 101206,
        "yyyymm": "201506"
    },
    {
        "nat_cd": "130",
        "nat_name": "일본",
        "visit_cnt": 81748,
        "yyyymm": "201507"
    },
    {
        "nat_cd": "130",
        "nat_name": "일본",
        "visit_cnt": 148632,
        "yyyymm": "201508"
    },
    {
        "nat_cd": "130",
        "nat_name": "일본",
        "visit_cnt": 157313,
        "yyyymm": "201509"
    },
    {
        "nat_cd": "130",
        "nat_name": "일본",
        "visit_cnt": 180348,
        "yyyymm": "201510"
    },
    {
        "nat_cd": "130",
        "nat_name": "일본",
        "visit_cnt": 164685,
        "yyyymm": "201511"
    },
    {
        "nat_cd": "130",
        "nat_name": "일본",
        "visit_cnt": 159877,
        "yyyymm": "201512"
    },
    {
        "nat_cd": "130",
        "nat_name": "일본",
        "visit_cnt": 136884,
        "yyyymm": "201601"
    },
    {
        "nat_cd": "130",
        "nat_name": "일본",
        "visit_cnt": 144493,
        "yyyymm": "201602"
    },
    {
        "nat_cd": "130",
        "nat_name": "일본",
        "visit_cnt": 224328,
        "yyyymm": "201603"
    },
    {
        "nat_cd": "130",
        "nat_name": "일본",
        "visit_cnt": 175283,
        "yyyymm": "201604"
    },
    {
        "nat_cd": "130",
        "nat_name": "일본",
        "visit_cnt": 178735,
        "yyyymm": "201605"
    },
    {
        "nat_cd": "130",
        "nat_name": "일본",
        "visit_cnt": 180192,
        "yyyymm": "201606"
    },
    {
        "nat_cd": "130",
        "nat_name": "일본",
        "visit_cnt": 186194,
        "yyyymm": "201607"
    },
    {
        "nat_cd": "130",
        "nat_name": "일본",
        "visit_cnt": 225456,
        "yyyymm": "201608"
    },
    {
        "nat_cd": "130",
        "nat_name": "일본",
        "visit_cnt": 208759,
        "yyyymm": "201609"
    },
    {
        "nat_cd": "130",
        "nat_name": "일본",
        "visit_cnt": 227149,
        "yyyymm": "201610"
    },
    {
        "nat_cd": "130",
        "nat_name": "일본",
        "visit_cnt": 213211,
        "yyyymm": "201611"
    },
    {
        "nat_cd": "130",
        "nat_name": "일본",
        "visit_cnt": 197209,
        "yyyymm": "201612"
    },
    {
        "nat_cd": "130",
        "nat_name": "일본",
        "visit_cnt": 154862,
        "yyyymm": "201701"
    },
    {
        "nat_cd": "130",
        "nat_name": "일본",
        "visit_cnt": 185032,
        "yyyymm": "201702"
    },
    {
        "nat_cd": "130",
        "nat_name": "일본",
        "visit_cnt": 274478,
        "yyyymm": "201703"
    },
    {
        "nat_cd": "130",
        "nat_name": "일본",
        "visit_cnt": 165748,
        "yyyymm": "201704"
    },
    {
        "nat_cd": "130",
        "nat_name": "일본",
        "visit_cnt": 159379,
        "yyyymm": "201705"
    },
    {
        "nat_cd": "130",
        "nat_name": "일본",
        "visit_cnt": 167785,
        "yyyymm": "201706"
    },
    {
        "nat_cd": "130",
        "nat_name": "일본",
        "visit_cnt": 170634,
        "yyyymm": "201707"
    },
    {
        "nat_cd": "130",
        "nat_name": "일본",
        "visit_cnt": 226735,
        "yyyymm": "201708"
    },
    {
        "nat_cd": "130",
        "nat_name": "일본",
        "visit_cnt": 219968,
        "yyyymm": "201709"
    },
    {
        "nat_cd": "130",
        "nat_name": "일본",
        "visit_cnt": 179661,
        "yyyymm": "201710"
    },
    {
        "nat_cd": "130",
        "nat_name": "일본",
        "visit_cnt": 213460,
        "yyyymm": "201711"
    },
    {
        "nat_cd": "130",
        "nat_name": "일본",
        "visit_cnt": 193705,
        "yyyymm": "201712"
    },
    {
        "nat_cd": "130",
        "nat_name": "일본",
        "visit_cnt": 167083,
        "yyyymm": "201801"
    },
    {
        "nat_cd": "130",
        "nat_name": "일본",
        "visit_cnt": 168241,
        "yyyymm": "201802"
    },
    {
        "nat_cd": "130",
        "nat_name": "일본",
        "visit_cnt": 294476,
        "yyyymm": "201803"
    },
    {
        "nat_cd": "130",
        "nat_name": "일본",
        "visit_cnt": 213853,
        "yyyymm": "201804"
    },
    {
        "nat_cd": "130",
        "nat_name": "일본",
        "visit_cnt": 227230,
        "yyyymm": "201805"
    },
    {
        "nat_cd": "130",
        "nat_name": "일본",
        "visit_cnt": 235293,
        "yyyymm": "201806"
    },
    {
        "nat_cd": "130",
        "nat_name": "일본",
        "visit_cnt": 230512,
        "yyyymm": "201807"
    },
    {
        "nat_cd": "130",
        "nat_name": "일본",
        "visit_cnt": 315025,
        "yyyymm": "201808"
    },
    {
        "nat_cd": "130",
        "nat_name": "일본",
        "visit_cnt": 247847,
        "yyyymm": "201809"
    },
    {
        "nat_cd": "130",
        "nat_name": "일본",
        "visit_cnt": 290468,
        "yyyymm": "201810"
    },
    {
        "nat_cd": "130",
        "nat_name": "일본",
        "visit_cnt": 299978,
        "yyyymm": "201811"
    },
    {
        "nat_cd": "130",
        "nat_name": "일본",
        "visit_cnt": 258521,
        "yyyymm": "201812"
    },
    {
        "nat_cd": "130",
        "nat_name": "일본",
        "visit_cnt": 206526,
        "yyyymm": "201901"
    },
    {
        "nat_cd": "130",
        "nat_name": "일본",
        "visit_cnt": 213200,
        "yyyymm": "201902"
    },
    {
        "nat_cd": "130",
        "nat_name": "일본",
        "visit_cnt": 375119,
        "yyyymm": "201903"
    },
    {
        "nat_cd": "130",
        "nat_name": "일본",
        "visit_cnt": 290092,
        "yyyymm": "201904"
    },
    {
        "nat_cd": "130",
        "nat_name": "일본",
        "visit_cnt": 286273,
        "yyyymm": "201905"
    },
    {
        "nat_cd": "130",
        "nat_name": "일본",
        "visit_cnt": 282476,
        "yyyymm": "201906"
    },
    {
        "nat_cd": "130",
        "nat_name": "일본",
        "visit_cnt": 274830,
        "yyyymm": "201907"
    },
    {
        "nat_cd": "130",
        "nat_name": "일본",
        "visit_cnt": 329652,
        "yyyymm": "201908"
    },
    {
        "nat_cd": "130",
        "nat_name": "일본",
        "visit_cnt": 251119,
        "yyyymm": "201909"
    },
    {
        "nat_cd": "130",
        "nat_name": "일본",
        "visit_cnt": 248541,
        "yyyymm": "201910"
    },
    {
        "nat_cd": "130",
        "nat_name": "일본",
        "visit_cnt": 258522,
        "yyyymm": "201911"
    },
    {
        "nat_cd": "130",
        "nat_name": "일본",
        "visit_cnt": 255356,
        "yyyymm": "201912"
    }
]