[
    {
        "nat_cd": "316",
        "nat_name": "영국",
        "visit_cnt": 9715,
        "yyyymm": "201501"
    },
    {
        "nat_cd": "316",
        "nat_name": "영국",
        "visit_cnt": 8051,
        "yyyymm": "201502"
    },
    {
        "nat_cd": "316",
        "nat_name": "영국",
        "visit_cnt": 12866,
        "yyyymm": "201503"
    },
    {
        "nat_cd": "316",
        "nat_name": "영국",
        "visit_cnt": 14556,
        "yyyymm": "201504"
    },
    {
        "nat_cd": "316",
        "nat_name": "영국",
        "visit_cnt": 10512,
        "yyyymm": "201505"
    },
    {
        "nat_cd": "316",
        "nat_name": "영국",
        "visit_cnt": 7632,
        "yyyymm": "201506"
    },
    {
        "nat_cd": "316",
        "nat_name": "영국",
        "visit_cnt": 7921,
        "yyyymm": "201507"
    },
    {
        "nat_cd": "316",
        "nat_name": "영국",
        "visit_cnt": 10223,
        "yyyymm": "201508"
    },
    {
        "nat_cd": "316",
        "nat_name": "영국",
        "visit_cnt": 10163,
        "yyyymm": "201509"
    },
    {
        "nat_cd": "316",
        "nat_name": "영국",
        "visit_cnt": 13345,
        "yyyymm": "201510"
    },
    {
        "nat_cd": "316",
        "nat_name": "영국",
        "visit_cnt": 10346,
        "yyyymm": "201511"
    },
    {
        "nat_cd": "316",
        "nat_name": "영국",
        "visit_cnt": 7944,
        "yyyymm": "201512"
    },
    {
        "nat_cd": "316",
        "nat_name": "영국",
        "visit_cnt": 9401,
        "yyyymm": "201601"
    },
    {
        "nat_cd": "316",
        "nat_name": "영국",
        "visit_cnt": 8141,
        "yyyymm": "201602"
    },
    {
        "nat_cd": "316",
        "nat_name": "영국",
        "visit_cnt": 13449,
        "yyyymm": "201603"
    },
    {
        "nat_cd": "316",
        "nat_name": "영국",
        "visit_cnt": 12079,
        "yyyymm": "201604"
    },
    {
        "nat_cd": "316",
        "nat_name": "영국",
        "visit_cnt": 11262,
        "yyyymm": "201605"
    },
    {
        "nat_cd": "316",
        "nat_name": "영국",
        "visit_cnt": 11298,
        "yyyymm": "201606"
    },
    {
        "nat_cd": "316",
        "nat_name": "영국",
        "visit_cnt": 11923,
        "yyyymm": "201607"
    },
    {
        "nat_cd": "316",
        "nat_name": "영국",
        "visit_cnt": 12756,
        "yyyymm": "201608"
    },
    {
        "nat_cd": "316",
        "nat_name": "영국",
        "visit_cnt": 11922,
        "yyyymm": "201609"
    },
    {
        "nat_cd": "316",
        "nat_name": "영국",
        "visit_cnt": 13191,
        "yyyymm": "201610"
    },
    {
        "nat_cd": "316",
        "nat_name": "영국",
        "visit_cnt": 11412,
        "yyyymm": "201611"
    },
    {
        "nat_cd": "316",
        "nat_name": "영국",
        "visit_cnt": 8305,
        "yyyymm": "201612"
    },
    {
        "nat_cd": "316",
        "nat_name": "영국",
        "visit_cnt": 10312,
        "yyyymm": "201701"
    },
    {
        "nat_cd": "316",
        "nat_name": "영국",
        "visit_cnt": 8271,
        "yyyymm": "201702"
    },
    {
        "nat_cd": "316",
        "nat_name": "영국",
        "visit_cnt": 14809,
        "yyyymm": "201703"
    },
    {
        "nat_cd": "316",
        "nat_name": "영국",
        "visit_cnt": 13342,
        "yyyymm": "201704"
    },
    {
        "nat_cd": "316",
        "nat_name": "영국",
        "visit_cnt": 10093,
        "yyyymm": "201705"
    },
    {
        "nat_cd": "316",
        "nat_name": "영국",
        "visit_cnt": 9233,
        "yyyymm": "201706"
    },
    {
        "nat_cd": "316",
        "nat_name": "영국",
        "visit_cnt": 10682,
        "yyyymm": "201707"
    },
    {
        "nat_cd": "316",
        "nat_name": "영국",
        "visit_cnt": 10796,
        "yyyymm": "201708"
    },
    {
        "nat_cd": "316",
        "nat_name": "영국",
        "visit_cnt": 10171,
        "yyyymm": "201709"
    },
    {
        "nat_cd": "316",
        "nat_name": "영국",
        "visit_cnt": 11622,
        "yyyymm": "201710"
    },
    {
        "nat_cd": "316",
        "nat_name": "영국",
        "visit_cnt": 8850,
        "yyyymm": "201711"
    },
    {
        "nat_cd": "316",
        "nat_name": "영국",
        "visit_cnt": 7843,
        "yyyymm": "201712"
    },
    {
        "nat_cd": "316",
        "nat_name": "영국",
        "visit_cnt": 9399,
        "yyyymm": "201801"
    },
    {
        "nat_cd": "316",
        "nat_name": "영국",
        "visit_cnt": 10334,
        "yyyymm": "201802"
    },
    {
        "nat_cd": "316",
        "nat_name": "영국",
        "visit_cnt": 12257,
        "yyyymm": "201803"
    },
    {
        "nat_cd": "316",
        "nat_name": "영국",
        "visit_cnt": 13363,
        "yyyymm": "201804"
    },
    {
        "nat_cd": "316",
        "nat_name": "영국",
        "visit_cnt": 10803,
        "yyyymm": "201805"
    },
    {
        "nat_cd": "316",
        "nat_name": "영국",
        "visit_cnt": 10586,
        "yyyymm": "201806"
    },
    {
        "nat_cd": "316",
        "nat_name": "영국",
        "visit_cnt": 10683,
        "yyyymm": "201807"
    },
    {
        "nat_cd": "316",
        "nat_name": "영국",
        "visit_cnt": 11132,
        "yyyymm": "201808"
    },
    {
        "nat_cd": "316",
        "nat_name": "영국",
        "visit_cnt": 10753,
        "yyyymm": "201809"
    },
    {
        "nat_cd": "316",
        "nat_name": "영국",
        "visit_cnt": 13813,
        "yyyymm": "201810"
    },
    {
        "nat_cd": "316",
        "nat_name": "영국",
        "visit_cnt": 10067,
        "yyyymm": "201811"
    },
    {
        "nat_cd": "316",
        "nat_name": "영국",
        "visit_cnt": 7787,
        "yyyymm": "201812"
    },
    {
        "nat_cd": "316",
        "nat_name": "영국",
        "visit_cnt": 10148,
        "yyyymm": "201901"
    },
    {
        "nat_cd": "316",
        "nat_name": "영국",
        "visit_cnt": 7876,
        "yyyymm": "201902"
    },
    {
        "nat_cd": "316",
        "nat_name": "영국",
        "visit_cnt": 12813,
        "yyyymm": "201903"
    },
    {
        "nat_cd": "316",
        "nat_name": "영국",
        "visit_cnt": 16707,
        "yyyymm": "201904"
    },
    {
        "nat_cd": "316",
        "nat_name": "영국",
        "visit_cnt": 11522,
        "yyyymm": "201905"
    },
    {
        "nat_cd": "316",
        "nat_name": "영국",
        "visit_cnt": 11155,
        "yyyymm": "201906"
    },
    {
        "nat_cd": "316",
        "nat_name": "영국",
        "visit_cnt": 10826,
        "yyyymm": "201907"
    },
    {
        "nat_cd": "316",
        "nat_name": "영국",
        "visit_cnt": 13116,
        "yyyymm": "201908"
    },
    {
        "nat_cd": "316",
        "nat_name": "영국",
        "visit_cnt": 13325,
        "yyyymm": "201909"
    },
    {
        "nat_cd": "316",
        "nat_name": "영국",
        "visit_cnt": 15911,
        "yyyymm": "201910"
    },
    {
        "nat_cd": "316",
        "nat_name": "영국",
        "visit_cnt": 11542,
        "yyyymm": "201911"
    },
    {
        "nat_cd": "316",
        "nat_name": "영국",
        "visit_cnt": 8735,
        "yyyymm": "201912"
    }
]